tamanho,bubble_ms,merge_ms,quick_ms
100,0.002334595,0.001174927,0.000591278
300,0.021850586,0.004089355,0.002578735
500,0.059082031,0.006958008,0.004638672
1000,0.244140625,0.015014648,0.010070801
10000,25.250000000,0.433593750,0.398437500
